1,"What is the meaning of life?"
2,"What is a skill you wish your partner would teach you?"
3,"What's your ideal setting for a deep, uninterrupted conversation?"
4,"What fictional couple do you think has the healthiest relationship and why?"
5,"What is one thing you’ve learned about yourself from a past relationship?"
1,"What is the meaning of life?"
2,"What is a skill you wish your partner would teach you?"
3,"What's your ideal setting for a deep, uninterrupted conversation?"
4,"What fictional couple do you think has the healthiest relationship and why?"
5,"What is one thing you've learned about yourself from a past relationship?"
6,"If we had a "couple's theme song," what would it be?"
7,"What does emotional safety mean to you in a relationship?"
8,"Describe a perfect lazy Sunday morning together."
9,"What kind of legacy do you hope to build as a couple?"
10,"What quality in a person makes you immediately feel comfortable?"
11,"What is your most cherished memory of a date or special occasion?"
12,"How do you prefer to handle stress or disappointment when you are around others?"
13,"What is the sweetest non-monetary gift you have ever given or received?"
14,"What is one thing that you know you can always count on me for?"
15,"What is a small gesture of affection that means more than a grand one?"
16,"If suffering is necessary for growth, is true happiness detrimental to the soul?"
17,"Is an absolute truth knowable, or is all understanding subjective?"
18,"Does the pursuit of meaning inherently imply that life has no inherent meaning?"
19,"If you could remove one human emotion entirely, which would it be and why?"
20,"Is free will truly possible if every action is a result of prior causes and genetic code?"
21,"What is the difference between wisdom and intelligence?"
22,"If you had to define 'goodness' in a single sentence, what would it be?"
23,"Is the goal of technological progress to free us from labor, and if so, what do we do with that freedom?"
24,"What is the most important lesson you've learned from a book, movie, or piece of art?"
25,"Do humans create value, or do we simply discover the value that already exists?"
26,"Is it more important to be respected or to be liked?"
27,"What current societal norm do you find the most irrational?"
28,"You can save 100 strangers or one person you love. Which do you choose, and does your decision haunt you?"
29,"Would you rather live a long comfortable life or a short life with incredible highs and dangerous lows?"
30,"A genius develops a pill that cures sadness but removes joy. Would you take it?"
31,"Would you rather be able to speak every human language or speak perfectly with every animal?"
32,"You have the power to stop all war, but all music disappears forever. Do you accept the trade?"
33,"Would you rather know when you are going to die or how you are going to die?"
34,"You must commit one petty crime monthly to keep your house dry. What's the most harmless one?"
35,"Would you rather wear the same outfit every day or eat the same meal every day?"
36,"Would you rather have to whisper everything or shout everything?"
37,"You must give up your favorite hobby or your favorite food forever. Which one is easier to sacrifice?"
38,"If you were arrested with no explanation, what would your friends assume you did?"
39,"What movie title best describes your dating history?"
40,"What is the most ridiculous fear you have, even if you know it's irrational?"
41,"Which cartoon character's wardrobe would you happily adopt?"
42,"What's the best Wi-Fi network name you've ever seen?"
43,"If animals could talk, which one would be the rudest?"
44,"What product did you buy that was so terrible it was actually funny?"
45,"What piece of trivial knowledge do you possess that makes you strangely proud?"
46,"You have to teach a class but must lie constantly. What subject do you teach?"
47,"What is the dumbest thing you have ever argued about?"
48,"If you could only eat foods of one color for a year, which color would you choose?"
49,"What's a conspiracy theory you made up but secretly want to believe?"
50,"If your life had a theme song that played when you entered a room, what would it be?"
51,"What's the weirdest compliment you've ever received?"
52,"If you had to live in a sitcom universe, which one would you pick?"
53,"What's your most useless talent?"
54,"If you could rename any everyday object, what would you rename and to what?"
55,"What's the strangest food combination you genuinely enjoy?"
56,"If your pet could rate you as an owner, what star rating would you get?"
57,"What fictional character do you relate to on an embarrassing level?"
58,"What's a hill you're willing to die on that really doesn't matter?"
59,"If you could be any kitchen appliance, which one and why?"
60,"What's the worst fashion choice you've ever committed to?"
61,"If you had to be haunted by a ghost, which historical figure would you choose?"
62,"What emoji do you overuse the most?"
63,"If you could make one thing socially unacceptable, what would it be?"
64,"What's the most interesting thing in your browser history right now?"
65,"If your life was a genre of music, what would it be?"
66,"What's a skill you pretend to have but absolutely don't?"
67,"If you could only communicate in movie quotes for a day, would you survive?"
68,"What's the pettiest thing you've done that you're secretly proud of?"
69,"If you had to wear a hat every day for a year, what style would you choose?"
70,"What's your go-to karaoke song even if you can't sing?"
71,"If you could have any animal as a sidekick, which would be most practical?"
72,"What's the most embarrassing thing you've googled?"
73,"If you had to pick a new profession based purely on the outfit, what would it be?"
74,"What's your signature dance move?"
75,"If you could delete one app from existence, which would cause the most chaos?"
76,"What's the weirdest thing you've done when you thought nobody was watching?"
77,"If you had to live in a specific decade fashion-wise, which would you choose?"
78,"What's the most absurd thing you believed as a child?"
79,"If you could make one food zero calories, what would it be?"
80,"What's your most irrational pet peeve?"
81,"If you had to be famous for something embarrassing, what would you choose?"
82,"What's the strangest tradition your family has?"
83,"If you could only watch one genre of movies forever, which would it be?"
84,"What's the most pointless argument you've won?"
85,"If you had to have one sound effect follow you everywhere, what would it be?"
86,"What's your most controversial food opinion?"
87,"If you could bring back one discontinued snack or drink, what would it be?"
88,"What's the most ridiculous thing you've convinced someone to believe?"
89,"If you had to listen to one song on repeat for 24 hours, which would you choose?"
90,"What's the weirdest dream you remember having?"
91,"If you could eliminate one chore from existence, which would it be?"
92,"What's your spirit animal and why is it wrong?"
93,"If you had to eat one cuisine for the rest of your life, what would it be?"
94,"What's the most embarrassing thing in your camera roll?"
95,"If you could have dinner with any three people, dead or alive, who would you choose?"
96,"What's the strangest nickname you've ever had?"
97,"If you had to live without one of your five senses, which would you choose?"
98,"What's the most impulsive purchase you've ever made?"
99,"If you could instantly master any instrument, which would it be?"
100,"What's your go-to excuse to get out of plans?"
101,"If you had to be stuck in traffic or stuck in a waiting room, which is worse?"
102,"What's the most useless fact you know by heart?"
103,"If you could swap lives with someone for a day, who would it be?"
104,"What's the worst gift you've ever received but had to pretend to like?"
105,"If you had to give up cheese or chocolate forever, which would it be?"
106,"What's your most unpopular opinion about a popular movie or show?"
107,"If you could time travel but only to mundane moments, where would you go?"
108,"What's the most embarrassing thing you've said during a job interview?"
109,"If you had to be reincarnated as an inanimate object, what would you choose?"
110,"What's your weirdest habit that you think is totally normal?"
111,"If you could have any superpower but only while sleeping, what would it be?"
112,"What's the strangest thing you've ever witnessed in public?"
113,"If you had to pick a new first name for yourself, what would it be?"
114,"What's the most awkward encounter you've had with a celebrity or public figure?"
115,"If you could live in any video game world, which would you choose?"
116,"What's your most questionable life decision so far?"
117,"If you had to survive on only three foods for a month, what would they be?"
118,"What's the weirdest text you've sent to the wrong person?"
119,"If you could instantly become an expert in a boring subject, which would you pick?"
120,"What's your most embarrassing autocorrect fail?"
121,"If you had to fight one horse-sized duck or 100 duck-sized horses, which would you choose?"
122,"What's the strangest place you've ever fallen asleep?"
123,"If you could make one animal extinct (consequences ignored), which would it be?"
124,"What's your most ridiculous dealbreaker in a friendship?"
125,"If you had to wear one costume for an entire year, what would you choose?"
126,"What's the weirdest thing you're afraid of?"
127,"If you could add one rule to any sport, what would make it more entertaining?"
128,"What's your biggest first-world problem?"
129,"If you had to choose between never using social media or never watching TV, which is worse?"
130,"What's the most childish thing you still enjoy?"
131,"If you could make any fictional technology real, what would you choose?"
132,"What's the worst date you've ever been on?"
133,"If you had to live in a world without music or without movies, which would you pick?"
134,"What's your go-to party trick?"
135,"If you could instantly learn any language (including animal), which would it be?"
136,"What's the most ridiculous lie you told as a kid?"
137,"If you had to change your career to something completely different, what would you do?"
138,"What's the weirdest thing you've done for money?"
139,"If you could have any fictional vehicle, what would you choose?"
140,"What's your most unpopular opinion about food?"
141,"If you had to live without hot water or without air conditioning, which would you choose?"
142,"What's the most awkward thing you've done on a first date?"
143,"If you could be reincarnated as any person in history, who would you choose?"
144,"What's your most embarrassing childhood memory?"
145,"If you had to choose between invisibility or flying but only at walking speed, which would it be?"
146,"What's the strangest compliment you've given someone?"
147,"If you could make one animal the size of an elephant, which would be the funniest?"
148,"What's your most irrational fear about everyday situations?"
149,"If you had to be trapped in an elevator with one type of person, what type would you choose?"
150,"What's the weirdest gift you've given someone?"
151,"If you could eliminate one day of the week, which would cause the most chaos?"
152,"What's your secret talent that you never get to use?"
153,"If you had to live in a house made of one food, what would last the longest?"
154,"What's the most awkward thing you've overheard about yourself?"
155,"If you could make one annoying sound illegal, which would it be?"
156,"What's your most embarrassing moment at work or school?"
157,"If you had to have one song play every time you entered a room, what would it be?"
158,"What's the weirdest advice someone has given you that actually worked?"
159,"If you could create a new holiday, what would it celebrate?"
160,"What's your most controversial take on a classic movie?"
161,"If you had to lose one body part that's not vital, which would you choose?"
162,"What's the strangest thing you've kept for sentimental reasons?"
163,"If you could make everyone in the world believe one lie, what would it be?"
164,"What's your most embarrassing fashion phase?"
165,"If you had to be a side character in any movie, which one would you pick?"
166,"What's the weirdest thing you've seen someone do in public?"
167,"If you could change one thing about the English language, what would it be?"
168,"What's your most unpopular opinion about pizza?"
169,"If you had to eat one food that's not considered breakfast for breakfast forever, what is it?"
170,"What's the most awkward thing you've said to a stranger?"
171,"If you could make one mythical creature real, which would be the worst choice?"
172,"What's your most ridiculous guilty pleasure?"
173,"If you had to live without one piece of technology, what would be the hardest to give up?"
174,"What's the weirdest thing you've done because of peer pressure?"
175,"If you could have one useless superpower, what would be the most entertaining?"
176,"What's your most embarrassing misunderstanding of a common phrase?"
177,"If you had to be a teacher of one subject you know nothing about, what would it be?"
178,"What's the strangest thing you've found in your pocket or bag?"
179,"If you could make one mundane task a competitive sport, what would be the most fun?"
180,"What's your most irrational dealbreaker in dating?"
181,"If you had to survive a week with only items from a gas station, what's your strategy?"
182,"What's the weirdest thing you've learned from the internet?"
183,"If you could be allergic to one annoying thing to avoid it, what would it be?"
184,"What's your most embarrassing brain freeze moment?"
185,"If you had to pick one age to be forever, what age would you choose?"
186,"What's the strangest rumor you've heard about yourself?"
187,"If you could make one animal domesticated, which would be the best pet?"
188,"What's your most absurd hidden talent?"
189,"If you had to choose between always saying what you think or never speaking again, which is it?"
190,"What's the weirdest thing you've bought online at 2 AM?"
191,"If you could delete one trend from history, what would it be?"
192,"What's your most embarrassing moment in front of a crush?"
193,"If you had to be famous on the internet for one thing, what would you want it to be?"
194,"What's the strangest thing you've witnessed at a family gathering?"
195,"If you could make one food spicy that's normally not, what would be the funniest?"
196,"What's your most questionable middle school decision?"
197,"If you had to live without podcasts or without audiobooks, which would you choose?"
198,"What's the weirdest thing you've googled during a conversation?"
199,"If you could have one extinct animal as a pet, which would you choose?"
200,"What's your most embarrassing public speaking moment?"
201,"If you had to be trapped in one store overnight, which would you choose?"
202,"What's the strangest habit you picked up from someone else?"
203,"If you could make one movie genre real life, which would cause the most chaos?"
204,"What's your most ridiculous prediction that came true?"
205,"If you had to choose between teleportation or time travel with restrictions, which is better?"
206,"What's the weirdest thing in your refrigerator right now?"
207,"If you could bring back one fashion trend, which would you choose?"
208,"What's your most embarrassing moment at a party?"
209,"If you had to live in a world where one food was the currency, what should it be?"
210,"What's the strangest thing you believed was true for way too long?"
211,"If you could make one animal tiny enough to fit in your pocket, which would you choose?"
212,"What's your most awkward moment with a roommate or neighbor?"
213,"If you had to give up hot drinks or cold drinks forever, which would it be?"
214,"What's the weirdest thing you've done to impress someone?"
215,"If you could have any job for just one day, what would you try?"
216,"What's your most embarrassing typo in a professional setting?"
217,"If you had to be stuck in one season forever, which would you choose?"
218,"What's the strangest way you've made a friend?"
219,"If you could eliminate one common social situation, what would it be?"
220,"What's your most ridiculous self-imposed rule?"
221,"If you had to choose between living underwater or living in the sky, which would it be?"
222,"What's the weirdest thing you've seen on public transportation?"
223,"If you could make one activity an Olympic sport, what would you dominate in?"
224,"What's your most embarrassing karaoke performance?"
225,"If you had to live in a world with only one genre of music, which would you pick?"
226,"What's the strangest thing you've said while half asleep?"
227,"If you could have one mundane task done perfectly by magic, what would it be?"
228,"What's your most awkward run-in with an ex?"
229,"If you had to eat every meal at one restaurant chain forever, which would it be?"
230,"What's the weirdest thing someone has assumed about you?"
231,"If you could make one minor inconvenience disappear, what would improve your life most?"
232,"What's your most embarrassing photo that still exists?"
233,"If you had to choose between never eating dessert or never eating bread, which would it be?"
234,"What's the strangest thing you've collected?"
235,"If you could have any voice (real person's) as your inner monologue, whose would it be?"
236,"What's your most ridiculous recurring dream?"
237,"If you had to live without your phone or without your computer, which is worse?"
238,"What's the weirdest thing you've witnessed at a wedding?"
239,"If you could make one thing grow on trees, what would be the most useful?"
240,"What's your most embarrassing moment while exercising?"
241,"If you had to have one celebrity's wardrobe, whose would you choose?"
242,"What's the strangest thing you've done when bored?"
243,"If you could eliminate one traffic rule to cause chaos, which would it be?"
244,"What's your most awkward moment with your boss or teacher?"
245,"If you had to live in a tiny house or a mansion you can't furnish, which would you pick?"
246,"What's the weirdest thing you've bought at a thrift store?"
247,"If you could make one household item smart, what would be the most helpful?"
248,"What's your most embarrassing moment at the gym?"
249,"If you had to choose between no internet or no phone calls forever, which would it be?"
250,"What's the strangest thing you've done to avoid someone?"
251,"If you could have any animal's ability, which would be the most practical?"
252,"What's your most ridiculous impulse buy that you don't regret?"
253,"If you had to live in one room of your house forever, which would you choose?"
254,"What's the weirdest thing you've seen at a concert or show?"
255,"If you could make one vegetable taste like candy, which would help you the most?"
256,"What's your most embarrassing moment in a store?"
257,"If you had to give up either sweet or savory food, which would destroy you?"
258,"What's the strangest thing you've witnessed from your window?"
259,"If you could have coffee with any historical villain, who would you choose?"
260,"What's your most awkward moment at the doctor's office?"
261,"If you had to wear shoes from only one decade, which would you pick?"
262,"What's the weirdest thing you've done because of a dare?"
263,"If you could eliminate one type of weather, which would you choose?"
264,"What's your most embarrassing moment involving technology?"
265,"If you had to live without salt or without sugar, which would be worse?"
266,"What's the strangest thing you've won in a competition or raffle?"
267,"If you could have any robot assistant, what task would you assign it?"
268,"What's your most ridiculous reason for being late?"
269,"If you had to be stuck in one decade's technology forever, which would you choose?"
270,"What's the weirdest thing you've seen at the airport?"
271,"If you could make one common phrase literal, which would cause the most chaos?"
272,"What's your most embarrassing moment at a restaurant?"
273,"If you had to choose between only showers or only baths forever, which would it be?"
274,"What's the strangest thing you've inherited or been given?"
275,"If you could have any fictional weapon, which would you choose?"
276,"What's your most awkward moment during a phone call?"
277,"If you had to live in a world without one color, which would you eliminate?"
278,"What's the weirdest thing you've tried to cook?"
279,"If you could eliminate one sound from existence, what would bring the most peace?"
280,"What's your most embarrassing moment at a family dinner?"
281,"If you had to choose between living without music or living without art, which would it be?"
282,"What's the strangest thing you've seen at a coffee shop?"
283,"If you could make one animal safe to cuddle, which dangerous one would you choose?"
284,"What's your most ridiculous excuse that actually worked?"
285,"If you had to live in one fictional universe but as a background character, which would you pick?"
286,"What's the weirdest thing you've found while cleaning?"
287,"If you could have any historical figure's signature ability, whose would you choose?"
288,"What's your most embarrassing moment while traveling?"
289,"If you had to give up either streaming services or video games, which would hurt more?"
290,"What's the strangest thing you've overheard in a bathroom?"
291,"If you could make one appliance portable, which would change your life the most?"
292,"What's your most awkward encounter with someone famous adjacent?"
293,"If you had to wear one color for the rest of your life, which would you choose?"
294,"What's the weirdest thing you've seen at the beach?"
295,"If you could eliminate one type of small talk, which would you choose?"
296,"What's your most embarrassing moment involving a pet?"
297,"If you had to live without either breakfast or dinner, which would you choose?"
298,"What's the strangest thing you've seen in a hotel room?"
299,"If you could have any fictional technology but it only half works, what would you choose?"
300,"What's your most ridiculous injury and how did it happen?"
301,"If you had to be trapped in one TV show universe, which would have the best food?"
302,"What's the weirdest thing you've done for a good photo?"
303,"If you could make one chore fun, which would improve your life the most?"
304,"What's your most embarrassing moment at school or work?"
305,"If you had to choose between no coffee or no tea forever, which would be worse?"
306,"What's the strangest thing you've witnessed at a grocery store?"
307,"If you could have any animal's sleeping pattern, which would you choose?"
308,"What's your most awkward moment with in-laws or partner's friends?"
309,"If you had to live without doors or without windows, which would you choose?"
310,"What's the weirdest thing you've said in front of a large group?"
311,"If you could make one board game real life, which would be the most fun?"
312,"What's your most embarrassing wardrobe malfunction?"
313,"If you had to give up either books or TV shows forever, which would it be?"
314,"What's the strangest thing you've seen at the library?"
315,"If you could have any superpower but only for 10 minutes a day, what would you choose?"
316,"What's your most ridiculous high school memory?"
317,"If you had to live in a house with walls made of glass or no windows at all, which is worse?"
318,"What's the weirdest thing you've purchased from a vending machine?"
319,"If you could eliminate one step from any daily routine, what would save you the most time?"
320,"What's your most embarrassing moment during a video call?"
321,"If you had to choose between only eating hot food or only cold food, which would it be?"
322,"What's the strangest thing you've seen someone do at work?"
323,"If you could have any vehicle from any time period, what would you choose?"
324,"What's your most awkward moment at a bar or club?"
325,"If you had to live without elevators or without escalators, which would be harder?"
326,"What's the weirdest thing you've found in a book?"
327,"If you could make one person's laugh your default laugh, whose would you choose?"
328,"What's your most embarrassing autocomplete search suggestion?"
329,"If you had to give up either movies or music, which would devastate you more?"
330,"What's the strangest thing you've done to save money?"
331,"If you could have any fictional food be real, what would you want to taste?"
332,"What's your most ridiculous superstition?"
333,"If you had to live in a world where everyone could read your thoughts or no one could, which is worse?"
334,"What's the weirdest thing you've seen at a sporting event?"
335,"If you could eliminate one type of advertisement, which would improve life the most?"
336,"What's your most embarrassing moment at a sleepover or someone's house?"
337,"If you had to choose between no heating or no cooling in your home, which would be worse?"
338,"What's the strangest thing you've seen at the mall?"
339,"If you could have any fictional job, which would be the most fun?"
340,"What's your most awkward moment when meeting someone's parents?"
341,"If you had to live without mirrors or without photos of yourself, which would you choose?"
342,"What's the weirdest thing you've done in front of a mirror?"
343,"If you could make one conspiracy theory true, which would be the most entertaining?"
344,"What's your most embarrassing moment involving food?"
345,"If you had to give up either pizza or burgers forever, which is harder to lose?"
346,"What's the strangest thing you've received as a gift?"
347,"If you could have any cartoon character's abilities, whose would be the most useful?"
348,"What's your most ridiculous fear from childhood that you still kind of have?"
349,"If you had to live on a boat or live in an RV, which would you choose?"
350,"What's the weirdest thing you've done while sleepwalking or sleep talking?"
351,"If you could eliminate one common allergen so no one was allergic, which would help the most?"
352,"What's your most embarrassing moment at the movies?"
353,"If you had to choose between only wearing formal clothes or only pajamas, which would it be?"
354,"What's the strangest thing you've seen on someone's dating profile?"
355,"If you could have any extinct plant back, which would you choose?"
356,"What's your most awkward moment with a stranger in an elevator?"
357,"If you had to live without GPS or without autocorrect, which would you miss more?"
358,"What's the weirdest thing you've done to stay awake?"
359,"If you could make one boring activity exciting, what would you choose?"
360,"What's your most embarrassing moment involving miscommunication?"
361,"If you had to choose between only using spoons or only using forks, which would you pick?"
362,"What's the strangest thing you've seen written on a bathroom stall?"
363,"If you could have any video game item in real life, what would be the most useful?"
364,"What's your most ridiculous first impression of someone that was completely wrong?"
365,"If you had to live without chocolate or without coffee, which would be unbearable?"
366,"What's the weirdest thing you've done in the name of science or curiosity?"
367,"If you could make one animal the size of a hamster, which would be the best pet?"
368,"What's your most embarrassing moment with a delivery person or service worker?"
369,"If you had to choose between living without memes or living without GIFs, which is worse?"
370,"What's the strangest thing you've seen at a gym?"
371,"If you could have any job from the medieval era, which would be the least terrible?"
372,"What's your most awkward moment during a haircut?"
373,"If you had to live in a world where you could only whisper or only shout, which would you choose?"
374,"What's the weirdest thing you've tried as a food combination that worked?"
375,"If you could eliminate one basic human need, which would be most convenient?"
376,"What's your most embarrassing moment at church, temple, or any religious setting?"
377,"If you had to give up either hot showers or comfortable beds, which would you choose?"
378,"What's the strangest thing you've seen someone do in a car?"
379,"If you could have any magical creature as a pet, which would be the most practical?"
380,"What's your most ridiculous reason for not liking someone?"
381,"If you had to live in a treehouse or in a basement apartment, which would you choose?"
382,"What's the weirdest thing you've witnessed during a road trip?"
383,"If you could make one homework assignment illegal, what would students thank you for?"
384,"What's your most embarrassing moment at a job interview?"
385,"If you had to choose between only drinking water or only drinking milk, which would it be?"
386,"What's the strangest thing you've found in a parking lot?"
387,"If you could have any fictional map item, which would be the most useful?"
388,"What's your most awkward moment at a friend's wedding?"
389,"If you had to live without chairs or without tables, which would be more annoying?"
390,"What's the weirdest thing you've done to test if something works?"
391,"If you could eliminate one type of insect, which would improve life the most?"
392,"What's your most embarrassing moment on public transportation?"
393,"If you had to choose between flying but only 2 feet off the ground or super speed but only while hopping, which is better?"
394,"What's the strangest thing you've learned from a documentary?"
395,"If you could have any anime power in real life, which would you choose?"
396,"What's your most ridiculous childhood fear that makes no sense now?"
397,"If you had to live without one of your fingers, which would impact you the least?"
398,"What's the weirdest thing you've seen at a theme park?"
399,"If you could make one type of weather occur on command, which would be the most useful?"
400,"What's your most embarrassing moment while playing a sport?"
401,"If you had to choose between never being able to lie or always having to lie, which is worse?"
402,"What's the strangest thing you've seen in someone's home?"
403,"If you could have any sidekick from fiction, who would be the most helpful?"
404,"What's your most awkward moment during a first day at a new job or school?"
405,"If you had to live without salt or pepper, which would you miss more?"
406,"What's the weirdest thing you've done because you were nervous?"
407,"If you could make one classic painting come to life, which would you choose?"
408,"What's your most embarrassing moment involving a misunderstanding?"
409,"If you had to choose between invisibility that only works when no one is looking or flying that only works indoors, which is more useless?"
410,"What's the strangest thing you've seen at a festival?"
411,"If you could have any medieval weapon, which would look the coolest on your wall?"
412,"What's your most ridiculous moment of overthinking?"
413,"If you had to live without one room in your house, which could you most easily sacrifice?"
414,"What's the weirdest thing you've done to make a good impression?"
415,"If you could eliminate one type of noise pollution, which would bring you the most peace?"
416,"What's your most embarrassing moment at a pool or water park?"
417,"If you had to choose between living in a world with only summer or only winter, which would it be?"
418,"What's the strangest thing you've found in your car?"
419,"If you could have any sci-fi gadget that's not a weapon, what would you choose?"
420,"What's your most awkward moment at a networking event?"
421,"If you had to live without soap or without shampoo, which would be worse?"
422,"What's the weirdest thing you've seen someone eat?"
423,"If you could make one children's toy adult-sized and functional, what would be the most fun?"
424,"What's your most embarrassing moment while drunk or tipsy?"
425,"If you had to choose between super strength but only in your pinky or super intelligence but only about birds, which is funnier?"
426,"What's the strangest thing you've overheard at a restaurant?"
427,"If you could have any fictional school or university exist, which would you attend?"
428,"What's your most ridiculous moment of bad timing?"
429,"If you had to live in a cave or in a tent permanently, which would you choose?"
430,"What's the weirdest thing you've collected as a child?"
431,"If you could eliminate one step from cooking, which would make meal prep the easiest?"
432,"What's your most embarrassing moment involving a celebrity encounter?"
433,"If you had to choose between teleportation that makes you nauseous or time travel that ages you, which is worse?"
434,"What's the strangest thing you've seen at a museum?"
435,"If you could have any fictional armor or protective gear, what would you choose?"
436,"What's your most awkward silence moment?"
437,"If you had to live without chairs or without a bed, which would you choose?"
438,"What's the weirdest thing you've done out of boredom?"
439,"If you could make one inanimate object sentient, which would cause the most chaos?"
440,"What's your most embarrassing moment at a formal event?"
441,"If you had to choose between mind reading but only for lies or seeing the future but only bad things, which is worse?"
442,"What's the strangest thing you've seen at a yard sale?"
443,"If you could have any power from mythology, which would you choose?"
444,"What's your most ridiculous moment of bad luck?"
445,"If you had to live without doors or walls in your home, which is less private?"
446,"What's the weirdest thing you've done for attention?"
447,"If you could eliminate one mandatory social event, which would you remove?"
448,"What's your most embarrassing moment while learning something new?"
449,"If you had to choose between shapeshifting but only into furniture or invisibility that doesn't work on cameras, which is more useless?"
450,"What's the strangest thing you've seen in nature?"
451,"If you could have any fictional mode of transportation, which would be the coolest?"
452,"What's your most awkward moment of being overdressed or underdressed?"
453,"If you had to live without the internet for a year or without TV for a year, which is harder?"
454,"What's the weirdest thing you've tried to DIY?"
455,"If you could make one historical event happen differently, which would be the most interesting?"
456,"What's your most embarrassing moment in front of your parents?"
457,"If you had to choose between talking to plants or talking to machines, which would be more useful?"
458,"What's the strangest thing you've seen at a bar?"
459,"If you could have any transformation ability with one weird limitation, what would it be?"
460,"What's your most ridiculous moment of stubbornness?"
461,"If you had to live on a farm or in a big city, which would drive you crazy faster?"
462,"What's the weirdest thing you've done to avoid confrontation?"
463,"If you could eliminate one type of homework or paperwork, what would everyone thank you for?"
464,"What's your most embarrassing moment caught on camera?"
465,"If you had to choose between x-ray vision that only works on food or super hearing that only works for gossip, which is better?"
466,"What's the strangest thing you've seen at a train station?"
467,"If you could have any mount or companion from fantasy, what would you ride?"
468,"What's your most awkward moment with a coworker?"
469,"If you had to live without floors or ceilings, which would be weirder?"
470,"What's the weirdest thing you've done to win a bet?"
471,"If you could make one animal loyal like a dog, which would make the best companion?"
472,"What's your most embarrassing moment while exercising in public?"
473,"If you had to choose between eternal hiccups or eternal itch, which would drive you mad first?"
474,"What's the strangest thing someone has asked you out of nowhere?"
475,"If you could have any fictional school subject be real, what would you want to learn?"
476,"What's your most ridiculous moment of jealousy?"
477,"If you had to live without wheels or without electricity, which would set humanity back more?"
478,"What's the weirdest thing you've found in a jacket pocket?"
479,"If you could eliminate one common embarrassing bodily function, which would you choose?"
480,"What's your most embarrassing moment in front of a group?"
481,"If you had to choose between super speed but only when crawling or flight but only when crying, which is more absurd?"
482,"What's the strangest thing you've seen at a bus stop?"
483,"If you could have any fictional title or rank, what would make you feel the coolest?"
484,"What's your most awkward moment of mistaken identity?"
485,"If you had to live without your sense of smell or sense of taste, which would affect food more?"
486,"What's the weirdest thing you've witnessed during a class or meeting?"
487,"If you could make one fictional language real and widely spoken, which would you choose?"
488,"What's your most embarrassing moment involving your phone?"
489,"If you had to choose between winter all year or summer all year, which would be less awful?"
490,"What's the strangest thing you've impulse bought online?"
491,"If you could have any ability from a superhero sidekick, whose would be most underrated?"
492,"What's your most ridiculous moment of forgetfulness?"
493,"If you had to live without knives or without spoons, which would make eating harder?"
494,"What's the weirdest thing you've done while home alone?"
495,"If you could eliminate one awkward social ritual, which would make life easier?"
496,"What's your most embarrassing moment at a sporting event?"
497,"If you had to choose between always knowing when someone is lying or always saying the perfect comeback, which is better?"
498,"What's the strangest thing you've seen fall from the sky?"
499,"If you could have any fictional map come to life, which world would you explore?"
500,"What's your most awkward moment that still keeps you up at night?"
507,"What does emotional safety mean to you in a relationship?"
508,"Describe a perfect lazy Sunday morning together."
509,"What kind of legacy do you hope to build as a couple?"
510,"What quality in a person makes you immediately feel comfortable?"
511,"What is your most cherished memory of a date or special occasion?"
512,"How do you prefer to handle stress or disappointment when you are around others?"
513,"What is the sweetest non-monetary gift you have ever given or received?"
514,"What is one thing that you know you can always count on me for?"
515,"What is a small gesture of affection that means more than a grand one?"
516,"If suffering is necessary for growth, is true happiness detrimental to the soul?"
517,"Is an absolute truth knowable, or is all understanding subjective?"
518,"Does the pursuit of meaning inherently imply that life has no inherent meaning?"
519,"If you could remove one human emotion entirely, which would it be and why?"
520,"Is free will truly possible if every action is a result of prior causes and genetic code?"
521,"What is the difference between wisdom and intelligence?"
522,"If you had to define 'goodness' in a single sentence, what would it be?"
523,"Is the goal of technological progress to free us from labor, and if so, what do we do with that freedom?"
524,"What is the most important lesson you've learned from a book, movie, or piece of art?"
525,"Do humans create value, or do we simply discover the value that already exists?"
526,"Is it more important to be respected or to be liked?"
527,"What current societal norm do you find the most irrational?"
528,"Would you rather have a photographic memory but only for things you don't care about, or have perfect foresight but only 10 seconds into the future?"
529,"You can save 100 strangers or one person you love. Which do you choose, and does your decision haunt you?"
530,"Would you rather live a long, comfortable life that is entirely average, or a short life filled with incredible highs and dangerous lows?"
531,"A genius develops a pill that permanently cures sadness but also removes the capacity for joy. Would you take it?"
532,"You accidentally discover a flaw in a major company's product that would destroy their business if exposed. Do you expose it, or accept a quiet, generous settlement?"
533,"Would you rather be able to speak every human language or speak perfectly with every animal?"
534,"You have the power to stop all war, but the cost is that all music must disappear forever. Do you accept the trade?"
535,"Would you rather know when you are going to die or how you are going to die?"
536,"You have to commit one petty crime every month to keep your house from being flooded. What is the most harmless one you would choose?"
537,"Would you rather wear the same outfit every day or eat the same meal every day?"
538,"A time machine can take you one year into the past to change one thing, but that one change will also erase one of your current best friends from existence. Do you go?"
539,"Would you rather have to whisper everything or shout everything?"
540,"You must give up your favorite hobby or your favorite food forever. Which one is easier to sacrifice?"
541,"If you were arrested with no explanation, what would your friends and family immediately assume you did?"
542,"What movie title best describes your dating history?"
543,"What is the most ridiculous fear you have, even if you know it's irrational?"
544,"Which cartoon character's wardrobe would you happily adopt?"
545,"What's the best Wi-Fi network name you've ever seen?"
546,"If animals could talk, which one would be the rudest?"
547,"What is a product that you bought that was so terrible it was actually funny?"
548,"What piece of trivial knowledge do you possess that makes you strangely proud?"
549,"You have to teach a class on any subject, but you must lie constantly. What subject do you teach?"
550,"What is the dumbest thing you have ever argued about?"
1,What is it that you keep wanting to smell despite the fact that it doesn’t smell particularly good?
2,If you can still remember, what are your funniest childhood memories?
3,What is the best Wi-Fi name you have seen in your entire life?
4,If you were a dog, which breed would you want to be?
5,How do you hang toilet paper: over or under?
6,Have you ever gone to a corner store and stolen a candy bar?
7,How many beers do you think I’d be able to consume?
8,What would you do if you won a million dollars?
9,What is your Wi-Fi password?
10,Why do round pizzas come in square boxes?
11,Where was the most embarrassing place you have ever farted?
12,Has someone caught you dancing in front of the mirror?
13,If I fail a driver’s test, which part will it be?
14,Have you ever tried talking to your dog?
15,What would you do if you could live forever?
16,What would you call a male ladybug?
17,Do you like pineapple on your pizza?
18,Have you ever been caught cheating on a test?
19,How long do you think you’d survive in a zombie apocalypse?
20,What is your favorite smell?
21,Have you ever gone a day without wearing underwear?
22,What do you think your last words will be?
23,What secret conspiracy would you like to actually start letting other people know?
24,If you could have any superpower, what would it be?
25,Would you rather have a dragon or be a dragon?
26,What’s the most ridiculous fact you know?
27,If you were a transformer, would you rather have car or life insurance?
28,What would be the title of your autobiography?
29,If you could be any animal, what would you be and why?
30,What is the weirdest thing you have ever eaten?
31,If you could have dinner with any fictional character, who would it be?
32,What is your go-to karaoke song?
33,If you could only eat one food for the rest of your life, what would it be?
34,What is the most embarrassing thing that has ever happened to you?
35,If you could travel to any point in time, where would you go?
36,What is the silliest thing you have ever done?
37,If you could have any job in the world, what would it be?
38,What is your biggest pet peeve?
39,If you were a candy, what kind would you be?
40,What is the most useless talent you have?
41,If you could eliminate one thing from your daily routine, what would it be?
42,What is the strangest dream you have ever had?
43,If you could talk to your pet, what is the first thing you would ask them?
44,What is the most trouble you have ever been in?
45,If you had to describe yourself as a flavor, what would it be?
46,What is a weird food combination that you love?
47,If you could live in any TV show, which one would it be?
48,What is the funniest joke you know by heart?
49,If you could be a mythical creature, what would you be?
50,What is something you are terrible at but love to do anyway?
51,If you had a warning label, what would it say?
52,What is the most ridiculous thing you have ever bought?
53,If you could invent a new holiday, what would it be called and how would it be celebrated?
54,What is the weirdest thing you have ever done in public?
55,If you could have any celebrity as your best friend, who would it be?
56,What is a movie that always makes you cry?
57,If you were a professional wrestler, what would your stage name be?
58,What is the most embarrassing song you know all the lyrics to?
59,If you could have a conversation with any historical figure, who would it be?
60,What is the strangest thing you have ever found?
61,If you had to eat a crayon, what color would you choose?
62,What is a common saying or phrase that you absolutely hate?
63,If you could bring one fictional character to life, who would it be?
64,What is something that you are obsessed with?
65,If you could have any accent, which one would you choose?
66,What is the most beautiful place you have ever been to?
67,If you could switch lives with someone for a day, who would it be?
68,What is your favorite conspiracy theory?
69,If you had to live in a different country, where would you go?
70,What is the most childish thing you still do?
71,If you could have any animal as a pet, what would it be?
72,What is a food you could eat for the rest of your life?
73,If you had to be a character in a horror movie, who would you be?
74,What is something you are surprisingly good at?
75,If you could have any car, what would it be?
76,What is the best piece of advice you have ever received?
77,If you had to give up one of your senses, which one would it be?
78,What is a weird habit you have?
79,If you could have any magical power, what would it be?
80,What is something you wish you were better at?
81,If you had to create a new dance move, what would it be called?
82,What is the most interesting thing you have learned recently?
83,If you could be on any reality TV show, which one would you choose?
84,What is a word that you can never spell correctly?
85,If you had to choose a new name for yourself, what would it be?
86,What is the most adventurous thing you have ever done?
87,If you could ask your future self one question, what would it be?
88,What is the best prank you have ever pulled?
89,If you had to get a tattoo right now, what would it be of?
90,What is a song that you are embarrassed to admit you like?
91,If you could time travel, would you go to the past or the future?
92,What is the most memorable meal you have ever had?
93,If you could have a dinner party with any three people, dead or alive, who would they be?
94,What is a fashion trend you are glad is over?
95,If you had to be a flavor of ice cream, what would you be?
96,What is the best concert you have ever been to?
97,If you could learn any language fluently, which one would it be?
98,What is a skill you would like to master?
99,If you could have any animal's abilities, which animal would you choose?
100,What is your favorite thing about yourself?
101,If you could get away with one crime, what would it be?
102,What is something you are looking forward to?
103,If you could have any superpower, but only for 24 hours, what would you choose?
104,What is your favorite memory from this past year?
105,If you could change one thing about the world, what would it be?
106,What is a book you think everyone should read?
107,If you could have any famous artwork in your home, what would it be?
108,What is the best gift you have ever given?
109,If you could have a conversation with any animal, which one would you choose?
110,What is something you are proud of?
111,If you could live in any fictional world, which one would you choose?
112,What is your favorite thing to do on a rainy day?
113,If you could have any question answered, what would you ask?
114,What is the best movie you have seen recently?
115,If you could be any character from a book, who would you be?
116,What is something that always makes you smile?
117,If you could have any vehicle, real or fictional, what would it be?
118,What is the most spontaneous thing you have ever done?
119,If you could have any meal prepared for you by any chef, what would you have and who would prepare it?
120,What is your favorite quote?
121,If you could witness any event in history, what would it be?
122,What is the best piece of advice you have ever given?
123,If you could eliminate one chore from your life forever, what would it be?
124,What is your favorite thing to cook or bake?
125,If you could have any celebrity narrate your life, who would it be?
126,What is a movie you can watch over and over again?
127,If you had to choose a theme song for your life, what would it be?
128,What is something you are grateful for?
129,If you could have any wild animal as a pet, what would you choose?
130,What is your favorite type of weather?
131,If you could have any talent, what would it be?
132,What is the best vacation you have ever taken?
133,If you could be any age for the rest of your life, what age would you choose?
134,What is a food you used to hate but now love?
135,If you could have any view from your window, what would it be?
136,What is the most interesting documentary you have ever seen?
137,If you could have any fictional creature as a pet, what would it be?
138,What is your favorite board game or card game?
139,If you could bring any musician back from the dead for one last concert, who would it be?
140,What is something you are good at, but don't enjoy doing?
141,If you could have any famous person's wardrobe, whose would it be?
142,What is the best compliment you have ever received?
143,If you could have any job for just one day, what would it be?
144,What is your favorite holiday and why?
145,If you could have any accent, what would it be?
146,What is a place you would love to visit that you haven't been to yet?
147,If you could have any type of business, what would it be?
148,What is a skill you think everyone should have?
149,If you could have any famous painting, which one would you choose?
150,What is the most interesting thing you have in your wallet or purse right now?
151,Would you rather be able to talk to animals or speak all human languages?
152,Would you rather have the ability to fly or to be invisible?
153,Would you rather live in the city or the country?
154,Would you rather be an amazing cook or a master of all musical instruments?
155,Would you rather have more time or more money?
156,Would you rather be able to control the weather or be able to talk to ghosts?
157,Would you rather go on a trip to outer space or to the bottom of the ocean?
158,Would you rather be able to teleport anywhere or be able to read minds?
159,Would you rather have a personal chef or a personal driver?
160,Would you rather be able to breathe underwater or have the strength of ten people?
161,Would you rather have a photographic memory or be able to forget anything you want?
162,Would you rather be able to run at 100 miles per hour or fly at 10 miles per hour?
163,Would you rather never have to work again or have your dream job?
164,Would you rather be able to talk to your past self or your future self?
165,Would you rather have a rewind button or a pause button for your life?
166,Would you rather be able to build anything you can imagine or be able to fix anything that is broken?
167,Would you rather be able to see 10 minutes into the future or 150 years into the future?
168,Would you rather have the ability to change your appearance at will or the ability to change your voice at will?
169,Would you rather be the funniest person in the room or the most intelligent?
170,Would you rather be able to communicate with plants or be able to communicate with computers?
171,Would you rather have a house that cleans itself or a car that drives itself?
172,Would you rather always know when someone is lying or get away with any lie you tell?
173,Would you rather have a unicorn horn or a squirrel tail?
174,Would you rather be able to jump 50 feet in the air or be able to hold your breath for an hour?
175,Would you rather be able to control fire or water?
176,Would you rather live in a world without music or a world without movies?
177,Would you rather be able to eat whatever you want without gaining weight or be able to sleep for only one hour a day and feel fully rested?
178,Would you rather have a magic carpet or a Nimbus 2000?
179,Would you rather be able to remember every dream you have ever had or be able to control your dreams?
180,Would you rather have a tail that wags when you are happy or ears that droop when you are sad?
181,Would you rather be able to fast forward through boring parts of your life or be able to replay your favorite memories?
182,Would you rather have a pet dragon or a pet unicorn?
183,Would you rather be able to talk to the dead or be able to see ghosts?
184,Would you rather have the power of super speed or the power of super strength?
185,Would you rather be able to control animals with your mind or be able to control technology with your mind?
186,Would you rather be able to heal any injury or illness or be able to bring people back from the dead?
187,Would you rather have a lightsaber or a sonic screwdriver?
188,Would you rather be able to create force fields or be able to turn invisible?
189,Would you rather be able to shapeshift into any animal or be able to shapeshift into any person?
190,Would you rather have a time machine that only goes to the past or a time machine that only goes to the future?
191,Would you rather be able to control gravity or be able to control time?
192,Would you rather have a bottomless pit of money or a bottomless pit of knowledge?
193,Would you rather be able to create life or be able to destroy it?
194,Would you rather be able to talk to aliens or be able to talk to angels?
195,Would you rather have a perfect memory of everything you have ever seen or a perfect memory of everything you have ever read?
196,Would you rather be able to control your own destiny or be able to control the destiny of others?
197,Would you rather have the power of creation or the power of destruction?
198,Would you rather be able to fly through space or be able to travel through time?
199,Would you rather have a world of peace or a world of excitement?
200,Would you rather be able to make anyone fall in love with you or be able to make anyone do whatever you want?
201,What celebrity would you rate as a perfect 10?
202,What’s something you’re certain you’ll never experience?
203,What’s the most ridiculous thing you’ve done because you were bored?
204,What’s the most imaginative insult you can come up with?
205,What’s the most useless thing you’ve ever learned?
206,What would be the absolute worst name you could give your child?
207,What’s the weirdest thing you’ve seen in someone else’s home?
208,What character in a movie could have been played by a completely different actor?
209,What would be the worst thing for the government to make illegal?
210,What song would you be least happy to have stuck in your head for a year?
211,What’s the most embarrassing thing you’ve ever done?
212,What’s your best “my life is a movie” moment?
213,What’s the most ridiculous thing you’ve convinced someone is true?
214,What’s the weirdest thing a guest has done at your house?
215,What’s the most embarrassing text you’ve sent to the wrong person?
216,What’s the funniest thing you’ve seen a stranger do?
217,What’s the most creative way you can think of to get out of a speeding ticket?
218,What’s the most absurd thing you’ve ever done on a dare?
219,What’s the strangest thing you’ve ever found in your pocket?
220,What’s the most ridiculous thing you’ve ever said with confidence?
221,What’s the funniest thing you’ve done while half-asleep?
222,What’s the most embarrassing thing you’ve worn in public?
223,What’s the most creative way you’ve ever quit a job?
224,What’s the weirdest thing you’ve ever done to impress someone?
225,What’s the funniest thing that’s ever happened to you in a bathroom?
226,What’s the most ridiculous thing you’ve ever done for money?
227,What’s the strangest thing you’ve ever seen on the side of the road?
228,What’s the most embarrassing thing you’ve ever been caught doing?
229,What’s the funniest thing you’ve ever heard a kid say?
230,What’s the most ridiculous thing you’ve ever done in the name of love?
231,What’s the weirdest thing you’ve ever seen at a wedding?
232,What’s the most embarrassing thing you’ve ever done on a date?
233,What’s the funniest thing you’ve ever seen an animal do?
234,What’s the most ridiculous thing you’ve ever done to get out of trouble?
235,What’s the weirdest thing you’ve ever seen on a security camera?
236,What’s the most embarrassing thing you’ve ever done at work?
237,What’s the funniest thing you’ve ever seen happen at a funeral?
238,What’s the most ridiculous thing you’ve ever done on vacation?
239,What’s the weirdest thing you’ve ever seen in a thrift store?
240,What’s the most embarrassing thing you’ve ever done in front of a celebrity?
241,What’s the funniest thing you’ve ever seen happen at a sporting event?
242,What’s the most ridiculous thing you’ve ever done to get someone’s attention?
243,What’s the weirdest thing you’ve ever seen happen on public transportation?
244,What’s the most embarrassing thing you’ve ever done at a party?
245,What’s the funniest thing you’ve ever seen happen in a library?
246,What’s the most ridiculous thing you’ve ever done to avoid talking to someone?
247,What’s the weirdest thing you’ve ever seen happen in a restaurant?
248,What’s the most embarrassing thing you’ve ever done in a classroom?
249,What’s the funniest thing you’ve ever seen happen at a concert?
250,What’s the most ridiculous thing you’ve ever done to win a bet?
251,Would you rather lose all of your memories or never be able to make new ones?
252,Is it possible to live a normal life and not tell a single lie?
253,Would you rather be able to control your own destiny or the destiny of others?
254,If you could ask a single person one question and they had to answer truthfully, who and what would you ask?
255,Would you rather know the answer to every question, but never be able to speak again, or be able to speak every language fluently?
256,Is it better to be respected or liked?
257,Would you rather have the ability to see 10 minutes into the future or 150 years into the future?
258,Does fate exist, and if so, do we have free will?
259,Would you rather live in a world without problems or a world where you are the only one who can solve them?
260,What does it mean to live a good life?
261,Would you rather find true love or win the lottery?
262,Is it more important to help yourself, help your family, help your society, or help the world?
263,Would you rather be able to communicate with animals or plants?
264,If you had to choose, would you rather be without art or science?
265,Would you rather know when you will die or how you will die?
266,Can happiness exist without sadness?
267,Would you rather have a rewind button or a pause button for your life?
268,If you could change one event in history, what would it be?
269,Would you rather be able to teleport anywhere or read minds?
270,What is the difference between living and existing?
271,Would you rather be forgotten or be remembered for something terrible?
272,Is humanity inherently good or evil?
273,Would you rather have the power to heal any injury or the power to bring people back from the dead?
274,If you could have any question answered, what would it be?
275,Would you rather live without music or without movies?
276,What is more important: knowledge or wisdom?
277,Would you rather be able to control fire or water?
278,If you could eliminate one emotion from your life, which one would it be?
279,Would you rather have super speed or super strength?
280,Is it possible for a society to exist without laws?
281,Would you rather be able to fly or be invisible?
282,What is more powerful: love or hate?
283,Would you rather be able to talk to your past self or your future self?
284,If you could create a new world, what would be the first thing you would do?
285,Would you rather have a perfect memory of everything you've ever seen or a perfect memory of everything you've ever read?
286,What is the true meaning of justice?
287,Would you rather be able to control your dreams or remember every dream you've ever had?
288,If you could have dinner with any three people from history, who would they be?
289,Would you rather have a world of peace or a world of excitement?
290,What is the most important quality in a person?
291,Would you rather be able to shapeshift into any animal or any person?
292,If you could change one thing about yourself, what would it be?
293,Would you rather have a time machine that only goes to the past or only to the future?
294,What is the nature of consciousness?
295,Would you rather have the power of creation or the power of destruction?
296,If you could live in any fictional universe, which one would you choose?
297,Would you rather be able to make anyone fall in love with you or make anyone do whatever you want?
298,What is the greatest human achievement?
299,Would you rather live a short, meaningful life or a long, meaningless one?
300,If you had to give up one of your five senses, which one would it be?
301,Would you rather be able to speak all human languages or be able to talk to animals?
302,What is the purpose of art in society?
303,Would you rather have the ability to change the past or see into the future?
304,If you could solve one world problem, which one would it be?
305,Would you rather be able to control the weather or be able to control technology with your mind?
306,What is the most important lesson you have learned in your life?
307,Would you rather have a personal chef or a personal driver for the rest of your life?
308,If you could ask the universe one question, what would it be?
309,Would you rather have unlimited money or unlimited time?
310,What is the relationship between the mind and the body?
311,Would you rather be able to breathe underwater or have the ability to fly?
312,If you could have any superpower for 24 hours, what would you choose?
313,Would you rather live in a utopia as a normal person or in a dystopia as a ruler?
314,What do you think happens after we die?
315,Would you rather be an amazing artist or a brilliant scientist?
316,If you could learn the truth behind one conspiracy theory, which one would it be?
317,Would you rather have the power of telekinesis or the power of telepathy?
318,What defines a successful life?
319,Would you rather be able to control your emotions completely or feel every emotion intensely?
320,If you could have written any book in history, which one would it be?
321,Would you rather be able to travel through space or travel through time?
322,What is the most beautiful thing in the world?
323,Would you rather have a photographic memory or an IQ of 200?
324,If you could make one law that everyone in the world had to follow, what would it be?
325,Would you rather be able to change your appearance at will or change your voice at will?
326,What is the meaning of friendship?
327,Would you rather be the funniest person alive or the most intelligent person alive?
328,If you could meet any mythological creature, which one would it be?
329,Would you rather have a house that cleans itself or a car that drives itself?
330,What is the best way to find happiness?
331,Would you rather know when a disaster will happen but be unable to stop it, or be able to stop it but not know when it will happen?
332,If you could be remembered for one thing, what would it be?
333,Would you rather always know when someone is lying or get away with any lie you tell?
334,What is the greatest challenge facing humanity today?
335,Would you rather be able to build anything you can imagine or fix anything that is broken?
336,If you could have a conversation with your younger self, what advice would you give?
337,Would you rather be able to see in the dark or have superhuman hearing?
338,What is the role of suffering in human life?
339,Would you rather be able to control your own destiny but no one else's, or control everyone else's destiny but not your own?
340,If you could have one wish granted, what would it be (and you can't wish for more wishes)?
341,Would you rather be able to create life or resurrect the dead?
342,What is the nature of good and evil?
343,Would you rather have a perfect understanding of the universe or a perfect understanding of yourself?
344,If you could choose your own cause of death, what would it be?
345,Would you rather be able to control gravity or control time?
346,What is the most important thing for a person to learn in their lifetime?
347,Would you rather have a bottomless bank account or a bottomless well of knowledge?
348,If you could have any job in the world, knowing you would be successful, what would it be?
349,Would you rather be able to talk to aliens or talk to angels?
350,What is the meaning of true freedom?
351,Would you rather live in a world with no emotions or a world with no logic?
352,Is it better to have loved and lost than never to have loved at all?
353,Would you rather be able to end all wars or end world hunger?
354,If you had to sacrifice one person to save five, would you do it?
355,Would you rather have the ability to instantly learn any skill or the ability to instantly master any instrument?
356,Do you believe in soulmates?
357,Would you rather have the power to make anyone happy or the power to make anyone successful?
358,If you could find out the exact date and time of your death, would you want to know?
359,Would you rather be able to see the future of the stock market or the future of weather patterns?
360,What makes a person truly wise?
361,Would you rather live in a world where everyone is immortal or a world where everyone dies at age 40?
362,If you could erase one memory from your mind, what would it be?
363,Would you rather be able to control the elements or control the minds of people?
364,Is it possible to be happy without being successful?
365,Would you rather be able to solve any math problem or be able to write the most beautiful poetry?
366,If you could choose to be born in any era, which would you choose?
367,Would you rather have the ability to talk to the dead or the ability to see ghosts?
368,What is the most valuable thing in the world that isn't money?
369,Would you rather be able to change your past or control your future?
370,If you could have a conversation with any animal, which would it be and why?
371,Would you rather be able to end all suffering or create infinite joy?
372,What is the meaning of sacrifice?
373,Would you rather be able to stop time for everyone but yourself, or fast-forward time?
374,If you could have any work of art in your home, which would it be?
375,Would you rather be able to predict the future with 100% accuracy or be able to change the past?
376,What does it mean to be truly free?
377,Would you rather have the power to create new planets or the power to explore the entire universe?
378,If you could spend a day in someone else's shoes, who would it be?
379,Would you rather be able to communicate with your future self or your past self?
380,What is the nature of beauty?
381,Would you rather be able to give anyone a perfect day or be able to take away their worst memory?
382,If you could have any fictional character as a mentor, who would you choose?
383,Would you rather have the ability to make anything you draw come to life or have a magical musical instrument?
384,What is the most important promise you have ever made to yourself?
385,Would you rather be able to know the complete history of any object you touch or be able to speak with the spirits of the dead?
386,If you could have a definitive answer to one of the great mysteries of the universe, what would you want to know?
387,Would you rather be able to make people forget things or make them remember things?
388,What is the greatest gift a person can receive?
389,Would you rather have the ability to grow any plant instantly or the ability to turn any object into gold?
390,If you could ask your pet three questions that they would answer truthfully, what would you ask?
391,Would you rather be able to control your own luck or be able to give good luck to others?
392,What is the meaning of a legacy?
393,Would you rather be able to perfectly replicate any meal you've ever eaten or be able to create entirely new flavors?
394,If you could have a personal library with every book ever written, but could only read ten, which would you choose?
395,Would you rather be able to understand the language of trees or the language of the ocean?
396,What is the one thing you would change about the world if you had the power to do so?
397,Would you rather have the ability to make anyone forgive you or the ability to make anyone tell the truth?
398,If you could have a conversation with your own subconscious, what would you ask?
399,Would you rather be able to experience the life of any of your ancestors for a day or get a glimpse of the life of a descendant 10 generations from now?
400,What is the meaning of home?
401,Would you rather have a key that can open any door or a map that shows the location of anything you desire?
402,If you could choose to be immune to one emotion, which would it be?
403,Would you rather be able to perfectly remember every conversation you've ever had or be able to perfectly predict the outcome of any conversation?
404,What is the most important thing to teach the next generation?
405,Would you rather have the ability to make people feel safe and secure or the ability to inspire people to achieve their dreams?
406,If you could have a mythical creature as a companion, which would you choose?
407,Would you rather be able to see the good in everyone or be able to see the truth in every situation?
408,What is the nature of time?
409,Would you rather be able to give life to inanimate objects or be able to communicate with machines?
410,If you could have a meal with any three fictional characters, who would they be?
411,Would you rather have the ability to make anyone laugh or the ability to comfort anyone who is sad?
412,What is the meaning of courage?
413,Would you rather be able to build a perfect society from scratch or be able to fix all the problems in our current society?
414,If you could have one piece of technology from a science fiction movie, what would it be?
415,Would you rather be able to see the potential in any person or the potential in any idea?
416,What is the most important decision you have ever made?
417,Would you rather have the ability to make any two people fall in love or the ability to peacefully resolve any conflict?
418,If you could have a soundtrack to your life, what songs would be on it?
419,Would you rather be able to remember everything you learn from books or everything you learn from experience?
420,What is the meaning of wisdom?
421,Would you rather have the ability to make plants grow at an accelerated rate or the ability to purify any body of water?
422,If you could witness any event in the future, what would it be?
423,Would you rather be able to create a new color or a new musical note?
424,What is the one thing you are most proud of in your life?
425,Would you rather be able to grant wishes for other people (but not yourself) or have three of your own wishes granted?
426,If you could have any animal's abilities for a day, which animal would you choose?
427,Would you rather be able to speak to your future grandchildren or your great-great-grandparents?
428,What is the meaning of hope?
429,Would you rather have the ability to make any food healthy or the ability to make any healthy food taste delicious?
430,If you could have a conversation with the Earth, what would you ask?
431,Would you rather be able to see the history of any place you visit or be able to see the possible futures of that place?
432,What is the most important quality in a leader?
433,Would you rather have the ability to make anyone feel understood or the ability to make anyone feel loved?
434,If you could choose a new national holiday, what would it be and how would it be celebrated?
435,Would you rather be able to control the stock market or be able to predict natural disasters?
436,What is the meaning of power?
437,Would you rather have the ability to make anyone your friend or the ability to make anyone your enemy?
438,If you could have any object from a museum, what would it be?
439,Would you rather be able to speak with your guardian angel or be able to see the invisible threads that connect all living things?
440,What is the most important lesson that history has taught us?
441,Would you rather have the ability to make people happy with your presence or the ability to make people successful with your advice?
442,If you could design your own heaven, what would it look like?
443,Would you rather be able to create a perfect clone of yourself or be able to transfer your consciousness into a new body?
444,What is the meaning of family?
445,Would you rather have the ability to make anyone feel confident or the ability to make anyone feel calm?
446,If you could have a conversation with your own mortality, what would you say?
447,Would you rather be able to see the best in people or be able to bring out the best in people?
448,What is the most important thing you have ever created?
449,Would you rather have the ability to make any dream a reality or the ability to enter and explore other people's dreams?
450,What is the meaning of a well-lived life?
451,What is the difference between good and bad people?
452,Is it essential to be a “good person”?
453,What makes people feel more attached to some people than others?
454,Is tribalism, or looking out for others like you, innately good, bad, or neutral?
455,If one existed apart from other humans, would they still value goodness?
456,Are there moral commonalities amongst diverse people groups and cultures?
457,Are individuals important, and if so, in what ways?
458,Are humans more important than other animals? Why or why not?
459,Are some people more important than others?
460,Is the death penalty right or wrong?
461,What should be the repercussions for wronging someone else?
462,Is wisdom a helpful tool?
463,Why is wisdom often associated with age?
464,If a person has an accident and is no longer able to contribute to society, has their value as a person decreased, increased, or stayed the same?
465,Can people change?
466,How does one become a “good person”?
467,If someone’s personality changes, does that mean they have also changed?
468,Can you ever honestly know another person?
469,If someone’s intentions were good but the outcome of an action is terrible, at that moment, is the person good or bad?
470,If someone does a kind deed but has a selfish motive, does that impact the goodness of the deed?
471,When babies are born, are they good?
472,If identical twins grew up never knowing each other, how similar and different would they be?
473,Is there ever a justifiable reason to kill someone?
474,Are people born with a specific personality, or is the character the result of their circumstances?
475,Is lying ever a good thing?
476,If you steal money but use it to save someone’s life, does that justify the theft?
477,Should someone being ignorant be a valid excuse for their rudeness?
478,Can we choose our emotions, or do they happen to us?
479,How do you know you are loved?
480,How do you know that you love someone?
481,Is the desire to be loved an innate human desire?
482,Why do people desire love?
483,Does love necessitate action, or can it exist simply as a feeling?
484,In what ways are love, lust, and sexual desire different from one another?
485,Is an understanding of pain necessary to appreciate love?
486,Does the loss of love change one’s outlook on life?
487,Can one show love without first being loved?
488,Are there different forms of love such as parental, friendship, or romantic?
489,Can romantic love for one person last forever?
490,Can love ever be a bad thing?
491,How does unreciprocated love affect people?
492,What does falling in love mean?
493,What causes someone to fall in love?
494,Does love feel different to different people?
495,Is love, health, or money more important?
496,Can you choose to feel love for someone?
497,Does being loved by more people correlate to a person’s value?
498,Is there a difference in depth of love versus quantity of love?
499,To love someone well, do you need to show their love how they want to be loved, or can you love them the way you naturally show love?
500,Is there “The one?”
501,Do you need to love yourself before you can love others?
502,Is loving yourself selfish?
503,Is it essential to have a friendship with your partner?
504,If your partner grew up in an abusive household, are you more understanding of unhealthy behavior?
505,Are you currently dreaming, and how do you know?
506,Do memories exist even if you forget them?
507,Does grass feel pain when you step on it?
508,Can trees feel pain?
509,Does 1+1 always equal 2?
510,Would it be ethical, unethical, or neutral if time travel were possible?
511,If time travel were possible, would it be wrong to change history?
512,What is the purpose of humor?
513,Why are jokes funny?
514,If one person doesn’t find a joke funny, does it mean they have a lousy sense of humor, or is the joke flawed?
515,Are humans responsible in any way for caring for wild animals?
516,Can inanimate objects be either bad or good?
517,Does morality bind animals?
518,Is water wet?
519,Are hot dogs tacos?
520,Is it wrong to visit a zoo?
521,Is it wrong to purchase fast fashion?
522,In a fictional world, could you have a five-sided square?
523,How do we know what words mean?
524,Why do some people feel scared while watching a horror movie even though they know it is not real?
525,What would you say if you had five minutes to defend the human race in front of a group of aliens who were going to obliterate humanity?
526,Are there any physiological changes you would make humans make us a better species?
527,Should the legal age for alcohol consumption be different than it is?
528,If your life expectancy suddenly increased to 500 years, would you live differently than you currently are?
529,If immortality were possible, would you want to be immortal?
530,What are human rights?
531,Is autonomy a human right?
532,Is liberty a human right?
533,Is free speech a human right?
534,What is the difference between a human right and a privilege?
535,Is it the responsibility of privileged individuals or the government to bridge gaps between privileged and disadvantaged people?
536,If people are spreading misinformation, should they still be allowed to continue?
537,Should abortion be legal?
538,At what point in human development does one become a person and gain rights?
539,Is war ever necessary or even reasonable?
540,How can societies work to dismantle systemic racism, ableism, sexism, and other forms of discrimination?
541,If two people’s opinions differ, how should they resolve their differences?
542,Has technology made it easier or harder to advance human rights?
543,Is it the responsibility of wealthy countries to support impoverished countries?
544,Should women’s rights be a priority to men? Why or why not?
545,What makes a person a person?
546,If a person has lost consciousness and doctors know they will not regain it, but their organs are still functioning, are they still a person?
547,Is the internet good, bad, or neutral?
548,Is being able to financially support a family a human right, or is having a large family a privilege?
549,Do more humans have fundamental rights in the modern world, or have we lost human rights as time has progressed?
550,If you could ensure every person on the planet would have access to a single human right, which one would you choose?
551,What rights should prisoners of war have?
552,Do you think serial killers have an equal value to other people, or do their actions impact their value?
553,Is privacy a human right?
554,Is technological advancement minimizing our privacy?
555,Are there any innately evil governmental structures?
556,What would a perfect society look like?
557,How involved should governments be in caring for the individuals in their country?
558,If you could create your society, what would look different from the one where you live now?
559,What role should the government have in the lives of individuals?
560,What makes a good leader?
561,Is prison the best way to protect society and correct individuals?
562,Does the legal system function fairly?
563,Are taxes morally right?
564,Should it be lawful for citizens to hold protests?
565,What makes people work together despite differences?
566,Does societal advancement only happen with collaboration?
567,In what ways can disagreements advance society?
568,What makes a crime a crime?
569,How should citizens who believe the laws in their country be unjust behave?
570,Is it morally wrong to abstain from voting?
571,Is it wrong for governments not to have healthcare available to all citizens?
572,Should things that are bad for people be banned by the government, or is it the individual’s responsibility to avoid harmful substances?
573,Is there an age at which people should be answerable for their actions?
574,Is it discriminatory not to allow certain people to run for government office?
575,Is it okay to limit immigration if a country is worried it will lose its culture?
576,Should the government regulate what food manufacturers can and can’t put in their food?
577,Is the government responsible for ensuring people receive a livable wage?
578,Should those who live an unhealthy lifestyle have decreased access to healthcare?
579,What would the ideal government look like?
580,What is culture?
581,How does culture form?
582,Is it important to be mindful of other cultures, and if so, why?
583,Are some cultures better than others?
584,Is morality developed within a culture, or is it intrinsic?
585,Is there a wrong way to discipline children?
586,In what way is a family-oriented culture better or worse than an individualistic culture?
587,Are individualistic cultures intrinsically selfish?
588,Does income play a part in how you define success?
589,Does the culture you were raised in impact your outlook on life?
590,If someone has recently relocated to a new country, should there be leniency for breaking minor laws they did not know about?
591,If a group practices human sacrifice as part of their culture, does that make it okay?
592,Is attractiveness a cultural construct?
593,Where does the Earth come from?
594,Did a deity or event start the universe?
595,Does the universe’s origin affect how one lives?
596,Does the vastness of space impact the way you perceive yourself?
597,Do things about the universe imply it exists due to chance or design?
598,Is it the duty of those currently alive to be ecologically responsible?
599,Is the Earth the only planet inhabited by living beings?
600,Is anything in the world eternal?
601,Is time eternal?
602,Did time, as we now perceive it, start at a specific moment?
603,Will time continue to run after the human species no longer exists?
604,If we find another inhabitable planet, would there be any moral implications if humans left the earth and moved there?
605,Should space travel be accessible to all people?
606,Is it good, bad, or neutral that humans have invested so many resources into space exploration?
607,Is there a difference between faith and superstition?
608,If a deity exists, would it exist within our understanding of morality?
609,What does it mean to feel happy?
610,Why are some things right and some things wrong?
611,Is it necessary to be nice to people, and why?
612,What is kindness?
613,Is being kind and being nice the same thing?
614,What is the difference between good and evil?
615,What happens to pets when they die?
616,What are things that you know to be certain?
617,What is something that you believe and why?
618,If superheroes were real, would they be more responsible for protecting people than you are?
619,Does helping people make you feel good? Why or why not?
620,What is the difference between adults and children?
621,What, if anything, makes a person different from an animal?
622,Is social media good, bad, or neutral?
623,How do you know that you belong?
624,Is it wrong to kill one person if it might save the lives of hundreds of others?
625,Is using euthanasia to intentionally end a life to prevent further pain and suffering immoral?
626,Should people be allowed to commit medically induced suicide?
627,Was former President Harry Truman’s decision to drop the atomic bombs unethical?
628,Is bribery ever acceptable or ethical?
629,If your friend’s significant other flirts with you, should you tell your friend about it?
630,Is eating animals unethical or not?
631,Is it ethical to test products on animals?
632,Would it be wrong to use the lungs of a deceased person for a transplant if they were not a registered organ donor?
633,Is it okay to harm one person if it means protecting others?
634,Is being a billionaire in a world where people are starving unethical?
635,Is war ever ethical?
636,Is it possible to not believe anything, or does everyone have beliefs?
637,Is there a god?
638,Is there an afterlife?
639,Is your soul reborn after you die?
640,Does your worldview impact the way you make day-to-day decisions?
641,Where do people come from?
642,Is there such a thing as fate?
643,Is luck a real thing?
644,Does chance exist?
645,Does having a religious experience prove the existence of a god?
646,Is there absolute truth?
647,Who determines right from wrong?
648,Is the world progressively becoming worse?
649,Why does evil exist?
650,Are pain and beauty interconnected?
651,Is it a shared element between a beautiful person, experience, or memory?
652,Why do people value happiness, beauty, or joy?
653,If your life were to end tomorrow, would you be happy with how you had spent your time?
654,What would you want it to say if someone were to write a book about you?
655,What gives your life meaning and purpose?
656,Can pain be a good thing?
657,Does learning a valuable lesson through suffering make it worth it?
658,Is it essential to care for yourself, or is it more important to care for others?
659,What is “failure?”
660,Does failing at something mean you’re bad at it?
661,Would getting rid of negative traits like aggression in all humans have any negative consequences?
662,Would removing loss, sorrow, and pain impact one’s ability to enjoy life and love?
663,What is the difference between happiness and joy?
664,What makes you happy?
665,Can you choose to feel joy?
666,Why do friendships sometimes end?
667,What makes something “art?”
668,Is some art better than other art?
669,Does art need to make a statement or have a deeper meaning?
670,Is music art?
671,Should artists be held responsible for the message of their art?
672,Are artists morally obligated to give trigger warnings if their art could negatively impact someone?
673,Should there be age restrictions on specific pieces of art?
674,Should public nudity be acceptable when being presented as performance art?
675,Should everyone be able to interpret a piece of art as they see it, or is there a “correct” interpretation of an art piece?
676,Is it morally wrong for museums to display art that depicts slavery? Why or why not?
677,Should art taken as spoils of war be returned to the country it originated in?
678,Is it wrong for educators to assign reading that demonstrates racism?
679,Is it necessary to preserve history?
680,Is it morally acceptable to enjoy art made by someone who did horrible things?
681,Why do people enjoy looking at art?
682,Why does music connect people?
683,Should music be beautiful?
684,Is it essential for art to “make a statement?”
685,Would it be music if you and your friends were to hit pots and pans randomly?
686,If there is a room full of people talking, could that be categorized as music?
687,What is the difference between “good” taste in art or music and “bad” taste?
688,Can cooking be a form of art?
689,What is the critical difference between a functional and artistically designed room?
690,Is it possible that what one person sees as “yellow” is what someone else sees as “green,” but they’ve both learned to call it “yellow”?